IC_X_CFG_SIZE:,,,,,,,,,,,,,,,,,,,,,,,,,,,,,,,,,,,
16,,,,,,,,,,,,,,,,,,,,,,,,,,,,,,,,,,,
IC_Y_CFG_SIZE:,,,,,,,,,,,,,,,,,,,,,,,,,,,,,,,,,,,
36,,,,,,,,,,,,,,,,,,,,,,,,,,,,,,,,,,,
IC_KEY_CFG_SIZE:,,,,,,,,,,,,,,,,,,,,,,,,,,,,,,,,,,,
0,,,,,,,,,,,,,,,,,,,,,,,,,,,,,,,,,,,
X_Channel:,,,,,,,,,,,,,,,,,,,,,,,,,,,,,,,,,,,
16,,,,,,,,,,,,,,,,,,,,,,,,,,,,,,,,,,,
Y_Channel:,,,,,,,,,,,,,,,,,,,,,,,,,,,,,,,,,,,
36,,,,,,,,,,,,,,,,,,,,,,,,,,,,,,,,,,,
AIN_X:,,,,,,,,,,,,,,,,,,,,,,,,,,,,,,,,,,,
0,1,2,3,4,5,6,7,8,9,10,11,12,13,14,15,,,,,,,,,,,,,,,,,,,,
AIN_Y:,,,,,,,,,,,,,,,,,,,,,,,,,,,,,,,,,,,
0,1,2,3,4,5,6,7,8,9,10,11,12,13,14,15,16,17,18,19,20,21,22,23,24,25,26,27,28,29,30,31,32,33,34,35
AIN_KEY:,,,,,,,,,,,,,,,,,,,,,,,,,,,,,,,,,,,
0,1,2,0xFF,,,,,,,,,,,,,,,,,,,,,,,,,,,,,,,,
PS_Config_Lmt_Short_Rawdata_P:,,,,,,,,,,,,,,,,,,,,,,,,,,,,,,,,,,,
14008,14008,14008,14008,14008,14008,14008,14008,14008,14008,14008,14008,14008,14008,14008,14008,,,,,,,,,,,,,,,,,,,,
14008,14008,14008,14008,14008,14008,14008,14008,14008,14008,14008,14008,14008,14008,14008,14008,,,,,,,,,,,,,,,,,,,,
14008,14008,14008,14008,14008,14008,14008,14008,14008,14008,14008,14008,14008,14008,14008,14008,,,,,,,,,,,,,,,,,,,,
14008,14008,14008,14008,14008,14008,14008,14008,14008,14008,14008,14008,14008,14008,14008,14008,,,,,,,,,,,,,,,,,,,,
14008,14008,14008,14008,14008,14008,14008,14008,14008,14008,14008,14008,14008,14008,14008,14008,,,,,,,,,,,,,,,,,,,,
14008,14008,14008,14008,14008,14008,14008,14008,14008,14008,14008,14008,14008,14008,14008,14008,,,,,,,,,,,,,,,,,,,,
14008,14008,14008,14008,14008,14008,14008,14008,14008,14008,14008,14008,14008,14008,14008,14008,,,,,,,,,,,,,,,,,,,,
14008,14008,14008,14008,14008,14008,14008,14008,14008,14008,14008,14008,14008,14008,14008,14008,,,,,,,,,,,,,,,,,,,,
14008,14008,14008,14008,14008,14008,14008,14008,14008,14008,14008,14008,14008,14008,14008,14008,,,,,,,,,,,,,,,,,,,,
14008,14008,14008,14008,14008,14008,14008,14008,14008,14008,14008,14008,14008,14008,14008,14008,,,,,,,,,,,,,,,,,,,,
14008,14008,14008,14008,14008,14008,14008,14008,14008,14008,14008,14008,14008,14008,14008,14008,,,,,,,,,,,,,,,,,,,,
14008,14008,14008,14008,14008,14008,14008,14008,14008,14008,14008,14008,14008,14008,14008,14008,,,,,,,,,,,,,,,,,,,,
14008,14008,14008,14008,14008,14008,14008,14008,14008,14008,14008,14008,14008,14008,14008,14008,,,,,,,,,,,,,,,,,,,,
14008,14008,14008,14008,14008,14008,14008,14008,14008,14008,14008,14008,14008,14008,14008,14008,,,,,,,,,,,,,,,,,,,,
14008,14008,14008,14008,14008,14008,14008,14008,14008,14008,14008,14008,14008,14008,14008,14008,,,,,,,,,,,,,,,,,,,,
14008,14008,14008,14008,14008,14008,14008,14008,14008,14008,14008,14008,14008,14008,14008,14008,,,,,,,,,,,,,,,,,,,,
14008,14008,14008,14008,14008,14008,14008,14008,14008,14008,14008,14008,14008,14008,14008,14008,,,,,,,,,,,,,,,,,,,,
14008,14008,14008,14008,14008,14008,14008,14008,14008,14008,14008,14008,14008,14008,14008,14008,,,,,,,,,,,,,,,,,,,,
14008,14008,14008,14008,14008,14008,14008,14008,14008,14008,14008,14008,14008,14008,14008,14008,,,,,,,,,,,,,,,,,,,,
14008,14008,14008,14008,14008,14008,14008,14008,14008,14008,14008,14008,14008,14008,14008,14008,,,,,,,,,,,,,,,,,,,,
14008,14008,14008,14008,14008,14008,14008,14008,14008,14008,14008,14008,14008,14008,14008,14008,,,,,,,,,,,,,,,,,,,,
14008,14008,14008,14008,14008,14008,14008,14008,14008,14008,14008,14008,14008,14008,14008,14008,,,,,,,,,,,,,,,,,,,,
14008,14008,14008,14008,14008,14008,14008,14008,14008,14008,14008,14008,14008,14008,14008,14008,,,,,,,,,,,,,,,,,,,,
14008,14008,14008,14008,14008,14008,14008,14008,14008,14008,14008,14008,14008,14008,14008,14008,,,,,,,,,,,,,,,,,,,,
14008,14008,14008,14008,14008,14008,14008,14008,14008,14008,14008,14008,14008,14008,14008,14008,,,,,,,,,,,,,,,,,,,,
14008,14008,14008,14008,14008,14008,14008,14008,14008,14008,14008,14008,14008,14008,14008,14008,,,,,,,,,,,,,,,,,,,,
14008,14008,14008,14008,14008,14008,14008,14008,14008,14008,14008,14008,14008,14008,14008,14008,,,,,,,,,,,,,,,,,,,,
14008,14008,14008,14008,14008,14008,14008,14008,14008,14008,14008,14008,14008,14008,14008,14008,,,,,,,,,,,,,,,,,,,,
14008,14008,14008,14008,14008,14008,14008,14008,14008,14008,14008,14008,14008,14008,14008,14008,,,,,,,,,,,,,,,,,,,,
14008,14008,14008,14008,14008,14008,14008,14008,14008,14008,14008,14008,14008,14008,14008,14008,,,,,,,,,,,,,,,,,,,,
14008,14008,14008,14008,14008,14008,14008,14008,14008,14008,14008,14008,14008,14008,14008,14008,,,,,,,,,,,,,,,,,,,,
14008,14008,14008,14008,14008,14008,14008,14008,14008,14008,14008,14008,14008,14008,14008,14008,,,,,,,,,,,,,,,,,,,,
14008,14008,14008,14008,14008,14008,14008,14008,14008,14008,14008,14008,14008,14008,14008,14008,,,,,,,,,,,,,,,,,,,,
14008,14008,14008,14008,14008,14008,14008,14008,14008,14008,14008,14008,14008,14008,14008,14008,,,,,,,,,,,,,,,,,,,,
14008,14008,14008,14008,14008,14008,14008,14008,14008,14008,14008,14008,14008,14008,14008,14008,,,,,,,,,,,,,,,,,,,,
14008,14008,14008,14008,14008,14008,14008,14008,14008,14008,14008,14008,14008,14008,14008,14008,,,,,,,,,,,,,,,,,,,,
PS_Config_Lmt_Short_Rawdata_N:,,,,,,,,,,,,,,,,,,,,,,,,,,,,,,,,,,,
10100,10100,10100,10100,10100,10100,10100,10100,10100,10100,10100,10100,10100,10100,10100,10100,,,,,,,,,,,,,,,,,,,,
10100,10100,10100,10100,10100,10100,10100,10100,10100,10100,10100,10100,10100,10100,10100,10100,,,,,,,,,,,,,,,,,,,,
10100,10100,10100,10100,10100,10100,10100,10100,10100,10100,10100,10100,10100,10100,10100,10100,,,,,,,,,,,,,,,,,,,,
10100,10100,10100,10100,10100,10100,10100,10100,10100,10100,10100,10100,10100,10100,10100,10100,,,,,,,,,,,,,,,,,,,,
10100,10100,10100,10100,10100,10100,10100,10100,10100,10100,10100,10100,10100,10100,10100,10100,,,,,,,,,,,,,,,,,,,,
10100,10100,10100,10100,10100,10100,10100,10100,10100,10100,10100,10100,10100,10100,10100,10100,,,,,,,,,,,,,,,,,,,,
10100,10100,10100,10100,10100,10100,10100,10100,10100,10100,10100,10100,10100,10100,10100,10100,,,,,,,,,,,,,,,,,,,,
10100,10100,10100,10100,10100,10100,10100,10100,10100,10100,10100,10100,10100,10100,10100,10100,,,,,,,,,,,,,,,,,,,,
10100,10100,10100,10100,10100,10100,10100,10100,10100,10100,10100,10100,10100,10100,10100,10100,,,,,,,,,,,,,,,,,,,,
10100,10100,10100,10100,10100,10100,10100,10100,10100,10100,10100,10100,10100,10100,10100,10100,,,,,,,,,,,,,,,,,,,,
10100,10100,10100,10100,10100,10100,10100,10100,10100,10100,10100,10100,10100,10100,10100,10100,,,,,,,,,,,,,,,,,,,,
10100,10100,10100,10100,10100,10100,10100,10100,10100,10100,10100,10100,10100,10100,10100,10100,,,,,,,,,,,,,,,,,,,,
10100,10100,10100,10100,10100,10100,10100,10100,10100,10100,10100,10100,10100,10100,10100,10100,,,,,,,,,,,,,,,,,,,,
10100,10100,10100,10100,10100,10100,10100,10100,10100,10100,10100,10100,10100,10100,10100,10100,,,,,,,,,,,,,,,,,,,,
10100,10100,10100,10100,10100,10100,10100,10100,10100,10100,10100,10100,10100,10100,10100,10100,,,,,,,,,,,,,,,,,,,,
10100,10100,10100,10100,10100,10100,10100,10100,10100,10100,10100,10100,10100,10100,10100,10100,,,,,,,,,,,,,,,,,,,,
10100,10100,10100,10100,10100,10100,10100,10100,10100,10100,10100,10100,10100,10100,10100,10100,,,,,,,,,,,,,,,,,,,,
10100,10100,10100,10100,10100,10100,10100,10100,10100,10100,10100,10100,10100,10100,10100,10100,,,,,,,,,,,,,,,,,,,,
10100,10100,10100,10100,10100,10100,10100,10100,10100,10100,10100,10100,10100,10100,10100,10100,,,,,,,,,,,,,,,,,,,,
10100,10100,10100,10100,10100,10100,10100,10100,10100,10100,10100,10100,10100,10100,10100,10100,,,,,,,,,,,,,,,,,,,,
10100,10100,10100,10100,10100,10100,10100,10100,10100,10100,10100,10100,10100,10100,10100,10100,,,,,,,,,,,,,,,,,,,,
10100,10100,10100,10100,10100,10100,10100,10100,10100,10100,10100,10100,10100,10100,10100,10100,,,,,,,,,,,,,,,,,,,,
10100,10100,10100,10100,10100,10100,10100,10100,10100,10100,10100,10100,10100,10100,10100,10100,,,,,,,,,,,,,,,,,,,,
10100,10100,10100,10100,10100,10100,10100,10100,10100,10100,10100,10100,10100,10100,10100,10100,,,,,,,,,,,,,,,,,,,,
10100,10100,10100,10100,10100,10100,10100,10100,10100,10100,10100,10100,10100,10100,10100,10100,,,,,,,,,,,,,,,,,,,,
10100,10100,10100,10100,10100,10100,10100,10100,10100,10100,10100,10100,10100,10100,10100,10100,,,,,,,,,,,,,,,,,,,,
10100,10100,10100,10100,10100,10100,10100,10100,10100,10100,10100,10100,10100,10100,10100,10100,,,,,,,,,,,,,,,,,,,,
10100,10100,10100,10100,10100,10100,10100,10100,10100,10100,10100,10100,10100,10100,10100,10100,,,,,,,,,,,,,,,,,,,,
10100,10100,10100,10100,10100,10100,10100,10100,10100,10100,10100,10100,10100,10100,10100,10100,,,,,,,,,,,,,,,,,,,,
10100,10100,10100,10100,10100,10100,10100,10100,10100,10100,10100,10100,10100,10100,10100,10100,,,,,,,,,,,,,,,,,,,,
10100,10100,10100,10100,10100,10100,10100,10100,10100,10100,10100,10100,10100,10100,10100,10100,,,,,,,,,,,,,,,,,,,,
10100,10100,10100,10100,10100,10100,10100,10100,10100,10100,10100,10100,10100,10100,10100,10100,,,,,,,,,,,,,,,,,,,,
10100,10100,10100,10100,10100,10100,10100,10100,10100,10100,10100,10100,10100,10100,10100,10100,,,,,,,,,,,,,,,,,,,,
10100,10100,10100,10100,10100,10100,10100,10100,10100,10100,10100,10100,10100,10100,10100,10100,,,,,,,,,,,,,,,,,,,,
10100,10100,10100,10100,10100,10100,10100,10100,10100,10100,10100,10100,10100,10100,10100,10100,,,,,,,,,,,,,,,,,,,,
10100,10100,10100,10100,10100,10100,10100,10100,10100,10100,10100,10100,10100,10100,10100,10100,,,,,,,,,,,,,,,,,,,,
PS_Config_Lmt_Open_Rawdata_P:,,,,,,,,,,,,,,,,,,,,,,,,,,,,,,,,,,,
1757,1795,1821,1816,1800,1791,1803,1735,1747,1812,1823,1838,1861,1858,1851,1784,,,,,,,,,,,,,,,,,,,,
1827,1865,1890,1876,1870,1859,1866,1791,1781,1845,1862,1872,1896,1898,1893,1854,,,,,,,,,,,,,,,,,,,,
1813,1834,1848,1842,1838,1823,1827,1784,1798,1852,1862,1868,1894,1893,1886,1872,,,,,,,,,,,,,,,,,,,,
1831,1866,1880,1868,1859,1847,1848,1805,1795,1855,1866,1877,1900,1901,1898,1889,,,,,,,,,,,,,,,,,,,,
1854,1868,1880,1868,1862,1848,1848,1805,1840,1880,1897,1905,1929,1926,1931,1924,,,,,,,,,,,,,,,,,,,,
1858,1870,1883,1872,1863,1851,1847,1802,1788,1823,1831,1845,1870,1870,1877,1869,,,,,,,,,,,,,,,,,,,,
1870,1873,1882,1870,1863,1849,1852,1803,1806,1835,1844,1856,1887,1884,1890,1891,,,,,,,,,,,,,,,,,,,,
1884,1877,1898,1889,1886,1866,1866,1820,1833,1845,1868,1882,1911,1905,1924,1922,,,,,,,,,,,,,,,,,,,,
1905,1904,1907,1898,1894,1880,1879,1828,1854,1875,1882,1896,1921,1922,1936,1940,,,,,,,,,,,,,,,,,,,,
1943,1946,1945,1931,1928,1910,1910,1858,1861,1884,1887,1904,1929,1929,1946,1953,,,,,,,,,,,,,,,,,,,,
1938,1928,1915,1917,1910,1889,1886,1842,1870,1890,1880,1911,1938,1935,1952,1963,,,,,,,,,,,,,,,,,,,,
1961,1952,1945,1932,1929,1914,1910,1862,1862,1884,1887,1900,1928,1925,1946,1964,,,,,,,,,,,,,,,,,,,,
1949,1933,1931,1915,1914,1897,1893,1842,1882,1904,1904,1912,1940,1938,1957,1980,,,,,,,,,,,,,,,,,,,,
1974,1953,1953,1931,1933,1918,1914,1859,1882,1903,1910,1917,1938,1939,1961,1985,,,,,,,,,,,,,,,,,,,,
1985,1957,1954,1911,1921,1917,1905,1854,1898,1919,1925,1910,1950,1954,1974,2003,,,,,,,,,,,,,,,,,,,,
1981,1950,1949,1915,1908,1896,1891,1840,1876,1896,1901,1898,1924,1926,1947,1977,,,,,,,,,,,,,,,,,,,,
1995,1964,1960,1931,1919,1908,1907,1856,1910,1925,1932,1929,1949,1950,1968,2002,,,,,,,,,,,,,,,,,,,,
1974,1935,1931,1898,1875,1870,1879,1824,1915,1926,1945,1935,1945,1953,1971,2012,,,,,,,,,,,,,,,,,,,,
2036,1980,2006,2006,2030,2012,2031,1999,1963,1988,2015,2006,1995,1970,1975,1957,,,,,,,,,,,,,,,,,,,,
2031,1998,2022,2019,2047,2019,2038,2006,2012,2043,2072,2062,2055,2026,2031,2016,,,,,,,,,,,,,,,,,,,,
2016,1984,2008,2003,2027,1998,2023,1987,1996,2026,2055,2050,2040,2012,2013,1995,,,,,,,,,,,,,,,,,,,,
2010,1970,1994,1989,2013,1966,1999,1964,1999,2033,2068,2059,2052,2006,2019,2008,,,,,,,,,,,,,,,,,,,,
1992,1952,1978,1968,1991,1961,1974,1935,2008,2038,2073,2065,2062,2027,2026,2010,,,,,,,,,,,,,,,,,,,,
2001,1964,1987,1985,2002,1974,1982,1946,1970,1998,2030,2026,2024,1989,1984,1967,,,,,,,,,,,,,,,,,,,,
2019,1978,2003,1996,2012,1982,1988,1949,1989,2016,2044,2036,2045,2008,2003,1982,,,,,,,,,,,,,,,,,,,,
2006,1970,1991,1984,2005,1973,1970,1942,1975,1999,2030,2026,2034,2001,1977,1970,,,,,,,,,,,,,,,,,,,,
2006,1966,1991,1988,2002,1970,1982,1939,1950,1974,2005,2002,2017,1982,1971,1959,,,,,,,,,,,,,,,,,,,,
2001,1963,1985,1978,1988,1956,1963,1918,1971,1998,2024,2023,2038,1999,1995,1980,,,,,,,,,,,,,,,,,,,,
1988,1949,1971,1968,1975,1942,1950,1890,1978,2002,2030,2023,2041,2008,1999,1970,,,,,,,,,,,,,,,,,,,,
1987,1946,1970,1971,1970,1942,1954,1900,1933,1959,1985,1978,1999,1967,1960,1943,,,,,,,,,,,,,,,,,,,,
1963,1922,1950,1943,1945,1912,1924,1875,1925,1945,1971,1966,1988,1950,1946,1933,,,,,,,,,,,,,,,,,,,,
1954,1922,1947,1945,1943,1912,1924,1873,1939,1959,1982,1982,2008,1971,1971,1957,,,,,,,,,,,,,,,,,,,,
1932,1890,1915,1914,1911,1879,1890,1838,1898,1922,1939,1940,1966,1932,1931,1921,,,,,,,,,,,,,,,,,,,,
1947,1912,1936,1935,1929,1903,1910,1856,1918,1946,1966,1961,1987,1952,1945,1936,,,,,,,,,,,,,,,,,,,,
1854,1908,1938,1929,1926,1897,1910,1852,1907,1933,1953,1949,1971,1942,1940,1847,,,,,,,,,,,,,,,,,,,,
1823,1903,1933,1925,1915,1889,1903,1842,1907,1938,1954,1949,1977,1946,1942,1820,,,,,,,,,,,,,,,,,,,,
PS_Config_Lmt_Open_Rawdata_N:,,,,,,,,,,,,,,,,,,,,,,,,,,,,,,,,,,,
753,769,781,778,772,767,773,743,749,776,781,788,797,796,793,764,,,,,,,,,,,,,,,,,,,,
783,799,810,804,802,797,800,767,763,791,798,802,812,814,811,794,,,,,,,,,,,,,,,,,,,,
777,786,792,790,788,781,783,764,770,794,798,800,812,811,808,802,,,,,,,,,,,,,,,,,,,,
785,800,806,800,797,791,792,773,769,795,800,805,814,815,814,809,,,,,,,,,,,,,,,,,,,,
794,800,806,800,798,792,792,773,788,806,813,817,827,826,827,824,,,,,,,,,,,,,,,,,,,,
796,802,807,802,799,793,791,772,766,781,785,791,802,802,805,801,,,,,,,,,,,,,,,,,,,,
802,803,806,802,799,793,794,773,774,787,790,796,809,808,810,811,,,,,,,,,,,,,,,,,,,,
808,805,814,809,808,800,800,780,785,791,800,806,819,817,824,824,,,,,,,,,,,,,,,,,,,,
817,816,817,814,812,806,805,784,794,803,806,812,823,824,830,832,,,,,,,,,,,,,,,,,,,,
833,834,833,827,826,818,818,796,797,808,809,816,827,827,834,837,,,,,,,,,,,,,,,,,,,,
830,826,821,821,818,809,808,790,802,810,806,819,830,829,836,841,,,,,,,,,,,,,,,,,,,,
841,836,833,828,827,820,818,798,798,808,809,814,826,825,834,842,,,,,,,,,,,,,,,,,,,,
835,829,827,821,820,813,811,790,806,816,816,820,832,830,839,848,,,,,,,,,,,,,,,,,,,,
846,837,837,827,829,822,820,797,806,815,818,821,830,831,841,851,,,,,,,,,,,,,,,,,,,,
851,839,838,819,823,821,817,794,814,823,825,818,836,838,846,859,,,,,,,,,,,,,,,,,,,,
849,836,835,821,818,812,811,788,804,812,815,814,824,826,835,847,,,,,,,,,,,,,,,,,,,,
855,842,840,827,823,818,817,796,818,825,828,827,835,836,844,858,,,,,,,,,,,,,,,,,,,,
846,829,827,814,803,802,805,782,821,826,833,829,833,837,845,862,,,,,,,,,,,,,,,,,,,,
872,848,860,860,870,862,871,857,841,852,863,860,855,844,847,839,,,,,,,,,,,,,,,,,,,,
871,856,866,865,877,865,874,860,862,875,888,884,881,868,871,864,,,,,,,,,,,,,,,,,,,,
864,850,860,859,869,856,867,851,856,868,881,878,874,862,863,855,,,,,,,,,,,,,,,,,,,,
862,844,854,853,863,842,857,842,857,871,886,883,880,860,865,860,,,,,,,,,,,,,,,,,,,,
854,836,848,844,853,841,846,829,860,874,889,885,884,869,868,862,,,,,,,,,,,,,,,,,,,,
857,842,851,851,858,846,850,834,844,856,870,868,868,853,850,843,,,,,,,,,,,,,,,,,,,,
865,848,859,856,862,850,852,835,853,864,876,872,877,860,859,850,,,,,,,,,,,,,,,,,,,,
860,844,853,850,859,845,844,832,847,857,870,868,872,857,847,844,,,,,,,,,,,,,,,,,,,,
860,842,853,852,858,844,850,831,836,846,859,858,865,850,845,839,,,,,,,,,,,,,,,,,,,,
857,841,851,848,852,838,841,822,845,856,868,867,874,857,855,848,,,,,,,,,,,,,,,,,,,,
852,835,845,844,847,832,836,810,848,858,870,867,875,860,857,844,,,,,,,,,,,,,,,,,,,,
851,834,844,845,844,832,838,814,829,839,851,848,857,843,840,833,,,,,,,,,,,,,,,,,,,,
841,824,836,833,833,820,824,803,825,833,845,842,852,836,834,829,,,,,,,,,,,,,,,,,,,,
838,824,835,833,833,820,824,803,831,839,850,850,860,845,845,839,,,,,,,,,,,,,,,,,,,,
828,810,821,820,819,805,810,788,814,824,831,832,842,828,827,823,,,,,,,,,,,,,,,,,,,,
835,820,830,829,827,815,818,796,822,834,842,841,851,836,833,830,,,,,,,,,,,,,,,,,,,,
794,818,830,827,826,813,818,794,817,829,837,835,845,832,832,791,,,,,,,,,,,,,,,,,,,,
781,815,829,825,821,809,815,790,817,830,838,835,847,834,832,780,,,,,,,,,,,,,,,,,,,,
PS_Config_Lmt_FW_Rawdata_P:,,,,,,,,,,,,,,,,,,,,,,,,,,,,,,,,,,,
1095,1133,1149,1134,1107,1140,1130,1105,1112,1135,1120,1128,1124,1120,1137,1142,,,,,,,,,,,,,,,,,,,,
1119,1124,1110,1117,1133,1135,1128,1121,1130,1127,1135,1126,1130,1105,1124,1098,,,,,,,,,,,,,,,,,,,,
1106,1119,1121,1109,1114,1117,1103,1100,1110,1106,1144,1134,1088,1107,1084,1142,,,,,,,,,,,,,,,,,,,,
1082,1130,1109,1141,1133,1135,1119,1133,1126,1124,1109,1123,1130,1116,1124,1109,,,,,,,,,,,,,,,,,,,,
1127,1123,1142,1130,1120,1127,1120,1114,1126,1120,1117,1106,1110,1128,1114,1096,,,,,,,,,,,,,,,,,,,,
1121,1120,1130,1131,1109,1112,1102,1120,1096,1095,1102,1096,1081,1110,1088,1100,,,,,,,,,,,,,,,,,,,,
1116,1114,1128,1110,1107,1100,1124,1114,1105,1117,1093,1112,1112,1091,1117,1123,,,,,,,,,,,,,,,,,,,,
1123,1114,1127,1126,1127,1127,1127,1138,1109,1096,1121,1096,1099,1103,1098,1124,,,,,,,,,,,,,,,,,,,,
1078,1105,1135,1110,1123,1124,1128,1084,1119,1127,1127,1131,1135,1134,1126,1114,,,,,,,,,,,,,,,,,,,,
1113,1114,1112,1110,1099,1103,1116,1126,1140,1144,1124,1133,1134,1119,1133,1089,,,,,,,,,,,,,,,,,,,,
1124,1119,1116,1113,1107,1102,1133,1137,1107,1119,1127,1102,1106,1119,1117,1107,,,,,,,,,,,,,,,,,,,,
1102,1127,1131,1127,1121,1116,1121,1124,1124,1113,1133,1140,1133,1123,1113,1099,,,,,,,,,,,,,,,,,,,,
1126,1100,1121,1114,1120,1120,1126,1105,1119,1120,1107,1121,1107,1105,1117,1110,,,,,,,,,,,,,,,,,,,,
1110,1138,1096,1105,1098,1098,1103,1110,1098,1117,1110,1096,1096,1102,1109,1128,,,,,,,,,,,,,,,,,,,,
1138,1102,1120,1107,1107,1113,1130,1126,1107,1114,1135,1120,1117,1107,1131,1096,,,,,,,,,,,,,,,,,,,,
1110,1137,1113,1116,1110,1098,1113,1112,1138,1121,1137,1128,1137,1127,1123,1126,,,,,,,,,,,,,,,,,,,,
1098,1103,1124,1131,1131,1142,1103,1145,1126,1105,1099,1119,1116,1113,1114,1159,,,,,,,,,,,,,,,,,,,,
1120,1131,1099,1100,1105,1085,1119,1116,1103,1124,1128,1098,1105,1103,1117,1106,,,,,,,,,,,,,,,,,,,,
1116,1120,1109,1133,1112,1100,1120,1128,1120,1123,1142,1109,1128,1117,1119,1135,,,,,,,,,,,,,,,,,,,,
1113,1124,1124,1133,1123,1124,1128,1131,1088,1159,1077,1144,1137,1123,1124,1148,,,,,,,,,,,,,,,,,,,,
1105,1102,1109,1124,1116,1121,1123,1123,1103,1099,1100,1128,1103,1127,1120,1103,,,,,,,,,,,,,,,,,,,,
1107,1110,1130,1126,1123,1120,1124,1127,1102,1120,1120,1130,1131,1123,1124,1130,,,,,,,,,,,,,,,,,,,,
1110,1079,1095,1116,1126,1116,1116,1130,1095,1113,1123,1126,1121,1134,1123,1114,,,,,,,,,,,,,,,,,,,,
1119,1112,1128,1142,1116,1116,1128,1127,1107,1109,1091,1113,1116,1117,1123,1092,,,,,,,,,,,,,,,,,,,,
1120,1107,1109,1134,1110,1113,1128,1112,1107,1117,1140,1110,1134,1105,1113,1138,,,,,,,,,,,,,,,,,,,,
1110,1110,1113,1124,1110,1114,1119,1117,1103,1145,1091,1134,1113,1133,1124,1093,,,,,,,,,,,,,,,,,,,,
1133,1085,1116,1117,1105,1105,1155,1162,1117,1113,1123,1102,1116,1113,1116,1123,,,,,,,,,,,,,,,,,,,,
1096,1110,1112,1124,1119,1121,1134,1112,1096,1091,1107,1088,1106,1096,1099,1114,,,,,,,,,,,,,,,,,,,,
1134,1107,1137,1128,1135,1121,1123,1123,1131,1116,1102,1113,1109,1105,1103,1141,,,,,,,,,,,,,,,,,,,,
1119,1116,1123,1114,1105,1093,1106,1105,1109,1110,1110,1102,1110,1103,1102,1123,,,,,,,,,,,,,,,,,,,,
1106,1109,1093,1121,1107,1128,1103,1114,1128,1130,1124,1123,1135,1116,1119,1110,,,,,,,,,,,,,,,,,,,,
1106,1124,1124,1123,1121,1117,1119,1117,1113,1142,1128,1109,1116,1114,1103,1127,,,,,,,,,,,,,,,,,,,,
1100,1113,1135,1112,1121,1124,1100,1120,1123,1098,1121,1124,1114,1105,1128,1142,,,,,,,,,,,,,,,,,,,,
1137,1099,1135,1120,1140,1133,1158,1137,1099,1107,1107,1120,1099,1098,1098,1130,,,,,,,,,,,,,,,,,,,,
1102,1105,1095,1138,1120,1124,1091,1077,1109,1082,1113,1119,1070,1081,1109,1098,,,,,,,,,,,,,,,,,,,,
1116,1091,1140,1093,1112,1107,1130,1110,1091,1096,1093,1088,1093,1100,1093,1123,,,,,,,,,,,,,,,,,,,,
PS_Config_Lmt_FW_Rawdata_N:,,,,,,,,,,,,,,,,,,,,,,,,,,,,,,,,,,,
469,485,493,486,475,488,484,473,476,487,480,484,482,480,487,490,,,,,,,,,,,,,,,,,,,,
479,482,476,479,485,487,484,481,484,483,487,482,484,473,482,470,,,,,,,,,,,,,,,,,,,,
474,479,481,475,478,479,473,472,476,474,490,486,466,475,464,490,,,,,,,,,,,,,,,,,,,,
464,484,475,489,485,487,479,485,482,482,475,481,484,478,482,475,,,,,,,,,,,,,,,,,,,,
483,481,490,484,480,483,480,478,482,480,479,474,476,484,478,470,,,,,,,,,,,,,,,,,,,,
481,480,484,485,475,476,472,480,470,469,472,470,463,476,466,472,,,,,,,,,,,,,,,,,,,,
478,478,484,476,475,472,482,478,473,479,469,476,476,467,479,481,,,,,,,,,,,,,,,,,,,,
481,478,483,482,483,483,483,488,475,470,481,470,471,473,470,482,,,,,,,,,,,,,,,,,,,,
462,473,487,476,481,482,484,464,479,483,483,485,487,486,482,478,,,,,,,,,,,,,,,,,,,,
477,478,476,476,471,473,478,482,488,490,482,485,486,479,485,467,,,,,,,,,,,,,,,,,,,,
482,479,478,477,475,472,485,487,475,479,483,472,474,479,479,475,,,,,,,,,,,,,,,,,,,,
472,483,485,483,481,478,481,482,482,477,485,488,485,481,477,471,,,,,,,,,,,,,,,,,,,,
482,472,481,478,480,480,482,473,479,480,475,481,475,473,479,476,,,,,,,,,,,,,,,,,,,,
476,488,470,473,470,470,473,476,470,479,476,470,470,472,475,484,,,,,,,,,,,,,,,,,,,,
488,472,480,475,475,477,484,482,475,478,487,480,479,475,485,470,,,,,,,,,,,,,,,,,,,,
476,487,477,478,476,470,477,476,488,481,487,484,487,483,481,482,,,,,,,,,,,,,,,,,,,,
470,473,482,485,485,490,473,491,482,473,471,479,478,477,478,497,,,,,,,,,,,,,,,,,,,,
480,485,471,472,473,465,479,478,473,482,484,470,473,473,479,474,,,,,,,,,,,,,,,,,,,,
478,480,475,485,476,472,480,484,480,481,490,475,484,479,479,487,,,,,,,,,,,,,,,,,,,,
477,482,482,485,481,482,484,485,466,497,461,490,487,481,482,492,,,,,,,,,,,,,,,,,,,,
473,472,475,482,478,481,481,481,473,471,472,484,473,483,480,473,,,,,,,,,,,,,,,,,,,,
475,476,484,482,481,480,482,483,472,480,480,484,485,481,482,484,,,,,,,,,,,,,,,,,,,,
476,463,469,478,482,478,478,484,469,477,481,482,481,486,481,478,,,,,,,,,,,,,,,,,,,,
479,476,484,490,478,478,484,483,475,475,467,477,478,479,481,468,,,,,,,,,,,,,,,,,,,,
480,475,475,486,476,477,484,476,475,479,488,476,486,473,477,488,,,,,,,,,,,,,,,,,,,,
476,476,477,482,476,478,479,479,473,491,467,486,477,485,482,469,,,,,,,,,,,,,,,,,,,,
485,465,478,479,473,473,495,498,479,477,481,472,478,477,478,481,,,,,,,,,,,,,,,,,,,,
470,476,476,482,479,481,486,476,470,467,475,466,474,470,471,478,,,,,,,,,,,,,,,,,,,,
486,475,487,484,487,481,481,481,485,478,472,477,475,473,473,489,,,,,,,,,,,,,,,,,,,,
479,478,481,478,473,469,474,473,475,476,476,472,476,473,472,481,,,,,,,,,,,,,,,,,,,,
474,475,469,481,475,484,473,478,484,484,482,481,487,478,479,476,,,,,,,,,,,,,,,,,,,,
474,482,482,481,481,479,479,479,477,490,484,475,478,478,473,483,,,,,,,,,,,,,,,,,,,,
472,477,487,476,481,482,472,480,481,470,481,482,478,473,484,490,,,,,,,,,,,,,,,,,,,,
487,471,487,480,488,485,496,487,471,475,475,480,471,470,470,484,,,,,,,,,,,,,,,,,,,,
472,473,469,488,480,482,467,461,475,464,477,479,458,463,475,470,,,,,,,,,,,,,,,,,,,,
478,467,488,469,476,475,484,476,467,470,469,466,469,472,469,481,,,,,,,,,,,,,,,,,,,,
PS_Config_Lmt_FW_CC_P:,,,,,,,,,,,,,,,,,,,,,,,,,,,,,,,,,,,
70,70,70,70,70,70,70,72,72,70,70,70,70,70,70,70,,,,,,,,,,,,,,,,,,,,
72,70,70,70,70,70,70,70,70,70,70,69,70,69,70,70,,,,,,,,,,,,,,,,,,,,
72,69,70,70,70,70,69,72,70,70,70,70,70,70,70,72,,,,,,,,,,,,,,,,,,,,
72,70,70,70,70,70,70,70,69,69,69,70,70,69,70,70,,,,,,,,,,,,,,,,,,,,
72,69,70,70,70,70,70,72,70,70,70,70,70,70,70,72,,,,,,,,,,,,,,,,,,,,
72,70,70,70,70,70,70,70,70,70,70,70,70,70,70,70,,,,,,,,,,,,,,,,,,,,
70,69,69,69,69,70,69,72,70,69,69,69,70,69,70,70,,,,,,,,,,,,,,,,,,,,
72,70,70,70,70,70,70,70,70,70,70,70,70,69,70,70,,,,,,,,,,,,,,,,,,,,
72,69,69,69,69,69,69,72,72,70,70,70,70,70,70,72,,,,,,,,,,,,,,,,,,,,
72,70,72,70,70,70,72,72,70,70,69,70,70,69,70,70,,,,,,,,,,,,,,,,,,,,
70,70,70,70,70,70,70,72,70,70,70,70,70,70,70,72,,,,,,,,,,,,,,,,,,,,
72,70,70,70,70,70,72,72,70,70,69,69,70,69,70,70,,,,,,,,,,,,,,,,,,,,
72,70,70,70,70,70,70,72,70,70,69,70,70,70,70,72,,,,,,,,,,,,,,,,,,,,
72,70,70,70,70,70,72,72,70,70,69,70,70,69,70,70,,,,,,,,,,,,,,,,,,,,
70,69,70,70,70,70,70,72,70,70,70,70,70,69,70,72,,,,,,,,,,,,,,,,,,,,
72,70,70,70,70,70,72,72,70,70,70,70,70,70,70,72,,,,,,,,,,,,,,,,,,,,
70,69,70,70,70,70,70,72,69,70,70,70,70,70,70,72,,,,,,,,,,,,,,,,,,,,
72,69,70,70,70,70,72,72,69,70,70,69,69,70,70,72,,,,,,,,,,,,,,,,,,,,
73,70,69,70,70,70,70,70,73,70,70,70,70,70,70,70,,,,,,,,,,,,,,,,,,,,
72,70,70,70,70,72,72,72,70,70,70,70,70,69,70,70,,,,,,,,,,,,,,,,,,,,
72,69,69,70,69,70,70,70,72,70,70,69,70,69,69,70,,,,,,,,,,,,,,,,,,,,
72,70,70,70,70,70,70,70,70,70,70,69,70,70,70,70,,,,,,,,,,,,,,,,,,,,
72,69,69,70,69,70,70,70,72,69,70,69,70,69,69,70,,,,,,,,,,,,,,,,,,,,
72,70,70,70,70,70,70,70,70,70,70,69,70,69,70,70,,,,,,,,,,,,,,,,,,,,
70,69,69,70,69,69,69,70,72,69,70,69,70,69,69,70,,,,,,,,,,,,,,,,,,,,
72,70,70,70,70,70,70,70,70,70,70,70,70,70,70,70,,,,,,,,,,,,,,,,,,,,
70,69,69,69,69,69,70,70,72,70,70,70,70,70,70,70,,,,,,,,,,,,,,,,,,,,
72,70,70,70,70,70,70,70,69,69,69,69,69,69,69,70,,,,,,,,,,,,,,,,,,,,
70,69,70,69,69,69,69,69,72,70,70,70,70,70,70,72,,,,,,,,,,,,,,,,,,,,
70,69,70,70,70,70,70,70,69,69,69,69,69,69,69,70,,,,,,,,,,,,,,,,,,,,
70,69,69,69,69,69,69,69,70,69,70,69,69,69,69,72,,,,,,,,,,,,,,,,,,,,
70,69,70,70,70,70,70,70,69,69,69,69,69,69,69,70,,,,,,,,,,,,,,,,,,,,
70,69,70,69,70,69,70,69,70,69,69,69,69,70,69,70,,,,,,,,,,,,,,,,,,,,
70,69,70,69,70,70,70,70,69,69,69,69,69,69,69,70,,,,,,,,,,,,,,,,,,,,
69,68,70,69,70,69,69,70,70,69,69,69,69,69,69,69,,,,,,,,,,,,,,,,,,,,
70,69,70,70,70,70,70,70,69,70,69,69,69,69,69,69,,,,,,,,,,,,,,,,,,,,
PS_Config_Lmt_FW_CC_N:,,,,,,,,,,,,,,,,,,,,,,,,,,,,,,,,,,,
32,32,32,32,32,32,32,32,32,32,32,32,32,32,32,32,,,,,,,,,,,,,,,,,,,,
32,32,32,32,32,32,32,32,32,32,32,31,32,31,32,32,,,,,,,,,,,,,,,,,,,,
32,31,32,32,32,32,31,32,32,32,32,32,32,32,32,32,,,,,,,,,,,,,,,,,,,,
32,32,32,32,32,32,32,32,31,31,31,32,32,31,32,32,,,,,,,,,,,,,,,,,,,,
32,31,32,32,32,32,32,32,32,32,32,32,32,32,32,32,,,,,,,,,,,,,,,,,,,,
32,32,32,32,32,32,32,32,32,32,32,32,32,32,32,32,,,,,,,,,,,,,,,,,,,,
32,31,31,31,31,32,31,32,32,31,31,31,32,31,32,32,,,,,,,,,,,,,,,,,,,,
32,32,32,32,32,32,32,32,32,32,32,32,32,31,32,32,,,,,,,,,,,,,,,,,,,,
32,31,31,31,31,31,31,32,32,32,32,32,32,32,32,32,,,,,,,,,,,,,,,,,,,,
32,32,32,32,32,32,32,32,32,32,31,32,32,31,32,32,,,,,,,,,,,,,,,,,,,,
32,32,32,32,32,32,32,32,32,32,32,32,32,32,32,32,,,,,,,,,,,,,,,,,,,,
32,32,32,32,32,32,32,32,32,32,31,31,32,31,32,32,,,,,,,,,,,,,,,,,,,,
32,32,32,32,32,32,32,32,32,32,31,32,32,32,32,32,,,,,,,,,,,,,,,,,,,,
32,32,32,32,32,32,32,32,32,32,31,32,32,31,32,32,,,,,,,,,,,,,,,,,,,,
32,31,32,32,32,32,32,32,32,32,32,32,32,31,32,32,,,,,,,,,,,,,,,,,,,,
32,32,32,32,32,32,32,32,32,32,32,32,32,32,32,32,,,,,,,,,,,,,,,,,,,,
32,31,32,32,32,32,32,32,31,32,32,32,32,32,32,32,,,,,,,,,,,,,,,,,,,,
32,31,32,32,32,32,32,32,31,32,32,31,31,32,32,32,,,,,,,,,,,,,,,,,,,,
33,32,31,32,32,32,32,32,33,32,32,32,32,32,32,32,,,,,,,,,,,,,,,,,,,,
32,32,32,32,32,32,32,32,32,32,32,32,32,31,32,32,,,,,,,,,,,,,,,,,,,,
32,31,31,32,31,32,32,32,32,32,32,31,32,31,31,32,,,,,,,,,,,,,,,,,,,,
32,32,32,32,32,32,32,32,32,32,32,31,32,32,32,32,,,,,,,,,,,,,,,,,,,,
32,31,31,32,31,32,32,32,32,31,32,31,32,31,31,32,,,,,,,,,,,,,,,,,,,,
32,32,32,32,32,32,32,32,32,32,32,31,32,31,32,32,,,,,,,,,,,,,,,,,,,,
32,31,31,32,31,31,31,32,32,31,32,31,32,31,31,32,,,,,,,,,,,,,,,,,,,,
32,32,32,32,32,32,32,32,32,32,32,32,32,32,32,32,,,,,,,,,,,,,,,,,,,,
32,31,31,31,31,31,32,32,32,32,32,32,32,32,32,32,,,,,,,,,,,,,,,,,,,,
32,32,32,32,32,32,32,32,31,31,31,31,31,31,31,32,,,,,,,,,,,,,,,,,,,,
32,31,32,31,31,31,31,31,32,32,32,32,32,32,32,32,,,,,,,,,,,,,,,,,,,,
32,31,32,32,32,32,32,32,31,31,31,31,31,31,31,32,,,,,,,,,,,,,,,,,,,,
32,31,31,31,31,31,31,31,32,31,32,31,31,31,31,32,,,,,,,,,,,,,,,,,,,,
32,31,32,32,32,32,32,32,31,31,31,31,31,31,31,32,,,,,,,,,,,,,,,,,,,,
32,31,32,31,32,31,32,31,32,31,31,31,31,32,31,32,,,,,,,,,,,,,,,,,,,,
32,31,32,31,32,32,32,32,31,31,31,31,31,31,31,32,,,,,,,,,,,,,,,,,,,,
31,30,32,31,32,31,31,32,32,31,31,31,31,31,31,31,,,,,,,,,,,,,,,,,,,,
32,31,32,32,32,32,32,32,31,32,31,31,31,31,31,31,,,,,,,,,,,,,,,,,,,,
PS_Config_Lmt_FW_Diff_P:,,,,,,,,,,,,,,,,,,,,,,,,,,,,,,,,,,,
50,50,50,50,50,50,50,50,50,50,50,50,50,50,50,50,,,,,,,,,,,,,,,,,,,,
50,50,50,50,50,50,50,50,50,50,50,50,50,50,50,50,,,,,,,,,,,,,,,,,,,,
50,50,50,50,50,50,50,50,50,50,50,50,50,50,50,50,,,,,,,,,,,,,,,,,,,,
50,50,50,50,50,50,50,50,50,50,50,50,50,50,50,50,,,,,,,,,,,,,,,,,,,,
50,50,50,50,50,50,50,50,50,50,50,50,50,50,50,50,,,,,,,,,,,,,,,,,,,,
50,50,50,50,50,50,50,50,50,50,50,50,50,50,50,50,,,,,,,,,,,,,,,,,,,,
50,50,50,50,50,50,50,50,50,50,50,50,50,50,50,50,,,,,,,,,,,,,,,,,,,,
50,50,50,50,50,50,50,50,50,50,50,50,50,50,50,50,,,,,,,,,,,,,,,,,,,,
50,50,50,50,50,50,50,50,50,50,50,50,50,50,50,50,,,,,,,,,,,,,,,,,,,,
50,50,50,50,50,50,50,50,50,50,50,50,50,50,50,50,,,,,,,,,,,,,,,,,,,,
50,50,50,50,50,50,50,50,50,50,50,50,50,50,50,50,,,,,,,,,,,,,,,,,,,,
50,50,50,50,50,50,50,50,50,50,50,50,50,50,50,50,,,,,,,,,,,,,,,,,,,,
50,50,50,50,50,50,50,50,50,50,50,50,50,50,50,50,,,,,,,,,,,,,,,,,,,,
50,50,50,50,50,50,50,50,50,50,50,50,50,50,50,50,,,,,,,,,,,,,,,,,,,,
50,50,50,50,50,50,50,50,50,50,50,50,50,50,50,50,,,,,,,,,,,,,,,,,,,,
50,50,50,50,50,50,50,50,50,50,50,50,50,50,50,50,,,,,,,,,,,,,,,,,,,,
50,50,50,50,50,50,50,50,50,50,50,50,50,50,50,50,,,,,,,,,,,,,,,,,,,,
50,50,50,50,50,50,50,50,50,50,50,50,50,50,50,50,,,,,,,,,,,,,,,,,,,,
50,50,50,50,50,50,50,50,50,50,50,50,50,50,50,50,,,,,,,,,,,,,,,,,,,,
50,50,50,50,50,50,50,50,50,50,50,50,50,50,50,50,,,,,,,,,,,,,,,,,,,,
50,50,50,50,50,50,50,50,50,50,50,50,50,50,50,50,,,,,,,,,,,,,,,,,,,,
50,50,50,50,50,50,50,50,50,50,50,50,50,50,50,50,,,,,,,,,,,,,,,,,,,,
50,50,50,50,50,50,50,50,50,50,50,50,50,50,50,50,,,,,,,,,,,,,,,,,,,,
50,50,50,50,50,50,50,50,50,50,50,50,50,50,50,50,,,,,,,,,,,,,,,,,,,,
50,50,50,50,50,50,50,50,50,50,50,50,50,50,50,50,,,,,,,,,,,,,,,,,,,,
50,50,50,50,50,50,50,50,50,50,50,50,50,50,50,50,,,,,,,,,,,,,,,,,,,,
50,50,50,50,50,50,50,50,50,50,50,50,50,50,50,50,,,,,,,,,,,,,,,,,,,,
50,50,50,50,50,50,50,50,50,50,50,50,50,50,50,50,,,,,,,,,,,,,,,,,,,,
50,50,50,50,50,50,50,50,50,50,50,50,50,50,50,50,,,,,,,,,,,,,,,,,,,,
50,50,50,50,50,50,50,50,50,50,50,50,50,50,50,50,,,,,,,,,,,,,,,,,,,,
50,50,50,50,50,50,50,50,50,50,50,50,50,50,50,50,,,,,,,,,,,,,,,,,,,,
50,50,50,50,50,50,50,50,50,50,50,50,50,50,50,50,,,,,,,,,,,,,,,,,,,,
50,50,50,50,50,50,50,50,50,50,50,50,50,50,50,50,,,,,,,,,,,,,,,,,,,,
50,50,50,50,50,50,50,50,50,50,50,50,50,50,50,50,,,,,,,,,,,,,,,,,,,,
50,50,50,50,50,50,50,50,50,50,50,50,50,50,50,50,,,,,,,,,,,,,,,,,,,,
50,50,50,50,50,50,50,50,50,50,50,50,50,50,50,50,,,,,,,,,,,,,,,,,,,,
PS_Config_Lmt_FW_Diff_N:,,,,,,,,,,,,,,,,,,,,,,,,,,,,,,,,,,,
-50,-50,-50,-50,-50,-50,-50,-50,-50,-50,-50,-50,-50,-50,-50,-50,,,,,,,,,,,,,,,,,,,,
-50,-50,-50,-50,-50,-50,-50,-50,-50,-50,-50,-50,-50,-50,-50,-50,,,,,,,,,,,,,,,,,,,,
-50,-50,-50,-50,-50,-50,-50,-50,-50,-50,-50,-50,-50,-50,-50,-50,,,,,,,,,,,,,,,,,,,,
-50,-50,-50,-50,-50,-50,-50,-50,-50,-50,-50,-50,-50,-50,-50,-50,,,,,,,,,,,,,,,,,,,,
-50,-50,-50,-50,-50,-50,-50,-50,-50,-50,-50,-50,-50,-50,-50,-50,,,,,,,,,,,,,,,,,,,,
-50,-50,-50,-50,-50,-50,-50,-50,-50,-50,-50,-50,-50,-50,-50,-50,,,,,,,,,,,,,,,,,,,,
-50,-50,-50,-50,-50,-50,-50,-50,-50,-50,-50,-50,-50,-50,-50,-50,,,,,,,,,,,,,,,,,,,,
-50,-50,-50,-50,-50,-50,-50,-50,-50,-50,-50,-50,-50,-50,-50,-50,,,,,,,,,,,,,,,,,,,,
-50,-50,-50,-50,-50,-50,-50,-50,-50,-50,-50,-50,-50,-50,-50,-50,,,,,,,,,,,,,,,,,,,,
-50,-50,-50,-50,-50,-50,-50,-50,-50,-50,-50,-50,-50,-50,-50,-50,,,,,,,,,,,,,,,,,,,,
-50,-50,-50,-50,-50,-50,-50,-50,-50,-50,-50,-50,-50,-50,-50,-50,,,,,,,,,,,,,,,,,,,,
-50,-50,-50,-50,-50,-50,-50,-50,-50,-50,-50,-50,-50,-50,-50,-50,,,,,,,,,,,,,,,,,,,,
-50,-50,-50,-50,-50,-50,-50,-50,-50,-50,-50,-50,-50,-50,-50,-50,,,,,,,,,,,,,,,,,,,,
-50,-50,-50,-50,-50,-50,-50,-50,-50,-50,-50,-50,-50,-50,-50,-50,,,,,,,,,,,,,,,,,,,,
-50,-50,-50,-50,-50,-50,-50,-50,-50,-50,-50,-50,-50,-50,-50,-50,,,,,,,,,,,,,,,,,,,,
-50,-50,-50,-50,-50,-50,-50,-50,-50,-50,-50,-50,-50,-50,-50,-50,,,,,,,,,,,,,,,,,,,,
-50,-50,-50,-50,-50,-50,-50,-50,-50,-50,-50,-50,-50,-50,-50,-50,,,,,,,,,,,,,,,,,,,,
-50,-50,-50,-50,-50,-50,-50,-50,-50,-50,-50,-50,-50,-50,-50,-50,,,,,,,,,,,,,,,,,,,,
-50,-50,-50,-50,-50,-50,-50,-50,-50,-50,-50,-50,-50,-50,-50,-50,,,,,,,,,,,,,,,,,,,,
-50,-50,-50,-50,-50,-50,-50,-50,-50,-50,-50,-50,-50,-50,-50,-50,,,,,,,,,,,,,,,,,,,,
-50,-50,-50,-50,-50,-50,-50,-50,-50,-50,-50,-50,-50,-50,-50,-50,,,,,,,,,,,,,,,,,,,,
-50,-50,-50,-50,-50,-50,-50,-50,-50,-50,-50,-50,-50,-50,-50,-50,,,,,,,,,,,,,,,,,,,,
-50,-50,-50,-50,-50,-50,-50,-50,-50,-50,-50,-50,-50,-50,-50,-50,,,,,,,,,,,,,,,,,,,,
-50,-50,-50,-50,-50,-50,-50,-50,-50,-50,-50,-50,-50,-50,-50,-50,,,,,,,,,,,,,,,,,,,,
-50,-50,-50,-50,-50,-50,-50,-50,-50,-50,-50,-50,-50,-50,-50,-50,,,,,,,,,,,,,,,,,,,,
-50,-50,-50,-50,-50,-50,-50,-50,-50,-50,-50,-50,-50,-50,-50,-50,,,,,,,,,,,,,,,,,,,,
-50,-50,-50,-50,-50,-50,-50,-50,-50,-50,-50,-50,-50,-50,-50,-50,,,,,,,,,,,,,,,,,,,,
-50,-50,-50,-50,-50,-50,-50,-50,-50,-50,-50,-50,-50,-50,-50,-50,,,,,,,,,,,,,,,,,,,,
-50,-50,-50,-50,-50,-50,-50,-50,-50,-50,-50,-50,-50,-50,-50,-50,,,,,,,,,,,,,,,,,,,,
-50,-50,-50,-50,-50,-50,-50,-50,-50,-50,-50,-50,-50,-50,-50,-50,,,,,,,,,,,,,,,,,,,,
-50,-50,-50,-50,-50,-50,-50,-50,-50,-50,-50,-50,-50,-50,-50,-50,,,,,,,,,,,,,,,,,,,,
-50,-50,-50,-50,-50,-50,-50,-50,-50,-50,-50,-50,-50,-50,-50,-50,,,,,,,,,,,,,,,,,,,,
-50,-50,-50,-50,-50,-50,-50,-50,-50,-50,-50,-50,-50,-50,-50,-50,,,,,,,,,,,,,,,,,,,,
-50,-50,-50,-50,-50,-50,-50,-50,-50,-50,-50,-50,-50,-50,-50,-50,,,,,,,,,,,,,,,,,,,,
-50,-50,-50,-50,-50,-50,-50,-50,-50,-50,-50,-50,-50,-50,-50,-50,,,,,,,,,,,,,,,,,,,,
-50,-50,-50,-50,-50,-50,-50,-50,-50,-50,-50,-50,-50,-50,-50,-50,,,,,,,,,,,,,,,,,,,,
PS_Config_Diff_Test_Frame:,,,,,,,,,,,,,,,,,,,,,,,,,,,,,,,,,,,
50,,,,,,,,,,,,,,,,,,,,,,,,,,,,,,,,,,,
